name,id,tier,rarity,base value,range,damage/second,damage/shot,emp,impact,turn rate,OPs,ammo,ammo/sec,reload size,type,energy/shot,energy/second,chargeup,chargedown,burst size,burst delay,min spread,max spread,spread/shot,spread decay/sec,beam speed,proj speed,launch speed,flight time,proj hitpoints,autofireAccBonus,extraArcForAI,hints,tags,groupTag,tech/manufacturer,for weapon tooltip>>,primaryRoleStr,speedStr,trackingStr,turnRateStr,accuracyStr,customPrimary,customPrimaryHL,customAncillary,customAncillaryHL,noDPSInTooltip,number
cast_deco,sa_cast_decor,,,,,,,,,,,,,,,,,,,,,,,,,,,,,,,,SYSTEM,,,,,,,,,,,,,,,1
trocar_deco,sa_trocar_decor,,,,,,,,,,,,,,,,,,,,,,,,,,,,,,,,SYSTEM,,,,,,,,,,,,,,,1
Light Cannon,lightag_fighter,,,,600,,35,,3,40,1,,,,FRAGMENTATION,40,,0,0.5,5,0,0,5,1,5,,800,,,30,,,SYSTEM,,,,,,,,,,,,,,,3
Staros,sa_staros,3,,5000,1200,,1500,,300,3,50,,,,HIGH_EXPLOSIVE,3000,,1,8,,,,,,,,1400,,,400,,,SYSTEM,,,,,Strike,,,,,,,,,,6
Loki Autocannon,sa_loki,2,0.4,3000,800,,300,150,8,20,13,,,,ENERGY,325,,0,0.80,1,,0,4,1,10,,900,,,75,,,,"energy18, he17, kinetic17, remnant, lowtech_bp, hist1t, merc,",,,,General,,,,,,,,,,7.5